id,Anatomy,Cause,Complication,Diagnosis,Information,Management,Manifestation,OtherEffect,PersonOrg	,Prognosis,Susceptibility,Other,NotDisease
0,0.0154770985,0.039679993,0.020463593,0.10283821,0.058875423,0.15350208,0.10091511,0.13845722,0.027386973,0.24960259,0.18016195,0.029588405,0.011840957
1,0.018073672,0.04192425,0.028447771,0.035343226,0.88905114,0.068608165,0.034372393,0.043889716,0.15022302,0.048493538,0.053762604,0.028971553,0.01976518
2,0.017599583,0.040958,0.028002158,0.034176983,0.8873572,0.07283504,0.033521265,0.04283071,0.14968988,0.04820258,0.052248616,0.028680796,0.019714078
3,0.040531427,0.14438243,0.060973518,0.14469762,0.52913743,0.13295327,0.46838006,0.24806331,0.24549237,0.1312335,0.06254092,0.066418566,0.057147846
4,0.009643284,0.030631356,0.023033926,0.043126166,0.53643686,0.11274038,0.029975343,0.049913783,0.24521933,0.07754235,0.05118247,0.023889296,0.01466681
5,0.041221198,0.1489161,0.04052432,0.14959817,0.08787016,0.051134814,0.054311525,0.13524804,0.03597167,0.10347657,0.85397756,0.04507461,0.041110057
6,0.029887335,0.07229068,0.039293963,0.11691694,0.877848,0.0582879,0.05212203,0.05466766,0.29486397,0.037745807,0.13346785,0.04300298,0.03346495
7,0.016414545,0.034358554,0.015836196,0.07642444,0.074992254,0.8820012,0.045710105,0.07453633,0.046210527,0.097657315,0.07865341,0.023373615,0.016128907
8,0.0153142465,0.04309676,0.023185095,0.061040163,0.073620856,0.0843774,0.089061975,0.16481854,0.03401844,0.41172367,0.17678522,0.038709253,0.014492345
9,0.040531427,0.14438243,0.060973518,0.14469762,0.52913743,0.13295327,0.46838006,0.24806331,0.24549237,0.1312335,0.06254092,0.066418566,0.057147846
10,0.013473027,0.039017227,0.018576108,0.16882174,0.07043202,0.2676057,0.04024636,0.12364309,0.06707131,0.19364679,0.17616357,0.031111533,0.015939087
11,0.013964025,0.031024339,0.016161507,0.050121635,0.18018079,0.81492436,0.029455736,0.064587414,0.108707,0.06408404,0.042669516,0.021976532,0.01759842
12,0.012320157,0.030249175,0.019289758,0.04595513,0.50696313,0.24630754,0.022344433,0.051371202,0.165532,0.062254436,0.05277999,0.025652459,0.017565614
13,0.013859489,0.036247615,0.016850261,0.058550715,0.18868417,0.8663044,0.03589937,0.08548548,0.13490379,0.15073521,0.046603005,0.021917634,0.019375287
14,0.015499965,0.03656006,0.03658359,0.03896939,0.7966785,0.26771975,0.042201597,0.05050117,0.32021672,0.060683995,0.0397964,0.032346856,0.02169074
15,0.016414545,0.034358554,0.015836196,0.07642444,0.074992254,0.8820012,0.045710105,0.07453633,0.046210527,0.097657315,0.07865341,0.023373615,0.016128907
16,0.018634118,0.038840793,0.017992014,0.11161003,0.10982325,0.7912967,0.038390253,0.06572137,0.08379362,0.049391855,0.059725452,0.024846673,0.020441124
17,0.025948847,0.06760504,0.030916175,0.104123995,0.20876329,0.93817925,0.07661418,0.183001,0.12504223,0.4084771,0.0865642,0.036086068,0.03233188
18,0.012332446,0.028107965,0.020812811,0.039659083,0.56619024,0.44945338,0.026669651,0.046733838,0.21711504,0.049199242,0.03024074,0.022748742,0.018076673
19,0.015582384,0.03694155,0.029589262,0.04969192,0.6920523,0.39369997,0.03666027,0.047165625,0.37584594,0.046551123,0.038116653,0.027649527,0.022661302
20,0.016725881,0.03851195,0.016448168,0.072424866,0.11775907,0.9186187,0.042503946,0.08407387,0.07107659,0.111899875,0.06372575,0.022861127,0.01806191
21,0.02462598,0.04419322,0.03039065,0.08960198,0.5294526,0.8825874,0.06519547,0.10121897,0.2625545,0.0568693,0.039809924,0.038171694,0.039729036
22,0.016163455,0.03712861,0.015279463,0.052433074,0.16281071,0.90518135,0.0370203,0.06717666,0.07247973,0.08175289,0.04886139,0.022443376,0.018235492
23,0.025705377,0.064726904,0.021413418,0.07138768,0.23441787,0.9622136,0.06423793,0.09103565,0.08693327,0.09113132,0.06898414,0.03166822,0.031211406
24,0.0982277,0.28485852,0.12475304,0.38188094,0.43750006,0.8945764,0.5348973,0.41898558,0.18901168,0.66099644,0.19412206,0.12557979,0.08562516
25,0.066898905,0.26840922,0.08780083,0.21013793,0.6065753,0.9465113,0.18724996,0.24896462,0.27525195,0.34534132,0.21110341,0.09045453,0.102437146
26,0.011874083,0.02995513,0.017000517,0.04087563,0.41632408,0.4627404,0.025259297,0.052931383,0.16441648,0.06233364,0.03370125,0.020847615,0.017733485
27,0.018323453,0.043857094,0.017892217,0.06267233,0.2310081,0.9318954,0.040091228,0.063086346,0.09400669,0.09257283,0.04856406,0.025271552,0.023743233
28,0.011693627,0.030049838,0.013466331,0.049993552,0.14341293,0.77567524,0.029606767,0.073762976,0.08801644,0.10533781,0.045282725,0.018681632,0.015893454
29,0.015901973,0.039396107,0.018123576,0.1615256,0.12920508,0.7034076,0.04626142,0.08455892,0.10713747,0.037459493,0.067474164,0.020223886,0.018062802
30,0.01844314,0.041094646,0.017763443,0.07903581,0.095956676,0.9337757,0.052774735,0.09656562,0.05587237,0.15716347,0.07121993,0.025608499,0.01958456
31,0.11207038,0.3409831,0.15271212,0.26608267,0.62726146,0.804095,0.6606222,0.28388068,0.20415844,0.6503678,0.2248068,0.12006504,0.088356465
32,0.0166149,0.0382942,0.016225066,0.06226509,0.1249327,0.89647174,0.03627471,0.07633794,0.074482016,0.07951656,0.0625703,0.023742165,0.018695077
33,0.020059394,0.05048404,0.019185834,0.04060341,0.12063788,0.92044944,0.06986229,0.10615316,0.044275347,0.20287652,0.06718617,0.029647188,0.02155408
34,0.051138528,0.1280524,0.05164396,0.15283006,0.28441775,0.9734267,0.1381764,0.24562012,0.18709216,0.17844996,0.12788746,0.06647944,0.07311939
35,0.028546344,0.12962852,0.030149823,0.07669602,0.054633167,0.42758828,0.07987724,0.17475356,0.029577957,0.14078617,0.49092776,0.029893685,0.025177138
36,0.015269148,0.03314983,0.021037154,0.03432738,0.76428384,0.42286456,0.031002633,0.03984505,0.1768409,0.047667034,0.027075965,0.024173133,0.018253732
37,0.025948847,0.06760504,0.030916175,0.104123995,0.20876329,0.93817925,0.07661418,0.183001,0.12504223,0.4084771,0.0865642,0.036086068,0.03233188
38,0.018634612,0.063738264,0.032244943,0.048152223,0.8353805,0.027392136,0.04186284,0.0825039,0.13762063,0.09285025,0.21569012,0.038188398,0.030308615
39,0.019764135,0.06800304,0.036255985,0.066155404,0.85586846,0.04840746,0.06617502,0.078194655,0.3084354,0.1274262,0.112240344,0.046404522,0.03793559
40,0.020155877,0.050573014,0.020638185,0.10246394,0.06339108,0.9002592,0.06367291,0.16639097,0.05084408,0.24709673,0.16300943,0.028195288,0.023449186
41,0.08122655,0.3999344,0.09289965,0.21291305,0.25498736,0.1300479,0.69693863,0.36755595,0.09307542,0.18860123,0.27407372,0.11288749,0.06623892
42,0.014164068,0.030331241,0.01382522,0.038160052,0.21036582,0.8011626,0.025199438,0.04804632,0.07278845,0.06924737,0.041180275,0.020459881,0.014725515
43,0.019638017,0.048172146,0.026241174,0.036742438,0.9006835,0.06743694,0.03439098,0.04293009,0.12583812,0.04560351,0.057070628,0.029907763,0.02103336
44,0.015564631,0.037200086,0.031523287,0.041288868,0.851447,0.07027295,0.032964326,0.047358986,0.22463563,0.052816547,0.061776005,0.030016819,0.020671993
45,0.01393921,0.029933473,0.015729718,0.03425301,0.49427682,0.75816196,0.028256979,0.045034897,0.12645693,0.05563219,0.029186323,0.020221276,0.017914442
46,0.022326209,0.18715797,0.032790482,0.065059386,0.12193863,0.07514576,0.1282822,0.16719705,0.034414444,0.090647995,0.13382463,0.03756522,0.018982267
47,0.019638017,0.048172146,0.026241174,0.036742438,0.9006835,0.06743694,0.03439098,0.04293009,0.12583812,0.04560351,0.057070628,0.029907763,0.02103336
48,0.051138528,0.1280524,0.05164396,0.15283006,0.28441775,0.9734267,0.1381764,0.24562012,0.18709216,0.17844996,0.12788746,0.06647944,0.07311939
49,0.0138177,0.052996706,0.02464056,0.04914516,0.16559209,0.13629605,0.100749806,0.1632417,0.04477505,0.2043844,0.10067325,0.03694361,0.017369714
50,0.016872086,0.037026275,0.014572764,0.037504394,0.32029468,0.86644244,0.03450174,0.04969251,0.07975709,0.056542464,0.03405047,0.021672897,0.018054798
51,0.012332446,0.028107965,0.020812811,0.039659083,0.56619024,0.44945338,0.026669651,0.046733838,0.21711504,0.049199242,0.03024074,0.022748742,0.018076673
52,0.014673291,0.03873487,0.016206216,0.053591434,0.11141199,0.88846326,0.03518644,0.07732215,0.0641403,0.29990175,0.06995577,0.028049845,0.016726287
53,0.014816287,0.06246644,0.024304373,0.22555616,0.047197193,0.083387166,0.06986008,0.15740405,0.0429079,0.10102707,0.5361755,0.029778184,0.015815593
54,0.014915553,0.036341455,0.017106913,0.04689722,0.28716996,0.84092003,0.035998445,0.06328008,0.12541655,0.059735164,0.035005733,0.02079956,0.020634267
55,0.015137125,0.03705376,0.025167033,0.06309096,0.06142387,0.16154909,0.058784373,0.14623885,0.040560015,0.57369334,0.23127599,0.03429214,0.014868099
56,0.011693627,0.030049838,0.013466331,0.049993552,0.14341293,0.77567524,0.029606767,0.073762976,0.08801644,0.10533781,0.045282725,0.018681632,0.015893454
57,0.014751327,0.050122112,0.036286145,0.056968946,0.65681803,0.070920244,0.03520491,0.067259066,0.3100029,0.09950059,0.100165896,0.027463071,0.022369483
58,0.0982277,0.28485852,0.12475304,0.38188094,0.43750006,0.8945764,0.5348973,0.41898558,0.18901168,0.66099644,0.19412206,0.12557979,0.08562516
59,0.012790575,0.029214358,0.017222678,0.06986127,0.21534032,0.71811825,0.036007952,0.06421668,0.15405178,0.052994836,0.048131682,0.02087481,0.0166604
60,0.021075092,0.048190303,0.0315044,0.093788415,0.18759714,0.9344052,0.07388917,0.13329631,0.19941068,0.15969533,0.0705206,0.035766855,0.035653148
61,0.021075092,0.048190303,0.0315044,0.093788415,0.18759714,0.9344052,0.07388917,0.13329631,0.19941068,0.15969533,0.0705206,0.035766855,0.035653148
62,0.017372131,0.040298656,0.014207138,0.062971205,0.12925646,0.8631928,0.04282767,0.056982283,0.04884671,0.05425263,0.057728812,0.022150347,0.016725691
63,0.012947697,0.035041638,0.013254735,0.051089883,0.108741395,0.8542369,0.036776226,0.08176548,0.059157826,0.09425095,0.0668827,0.019628882,0.01565965
64,0.050390072,0.12322005,0.051785372,0.7934171,0.14837132,0.08656131,0.11041131,0.13362598,0.17712878,0.040433105,0.32006636,0.08320197,0.035521135
65,0.02197141,0.048386667,0.035594027,0.042533047,0.9058868,0.06355829,0.044792235,0.050206278,0.2397844,0.041073505,0.05767816,0.03504888,0.02547743
66,0.017814782,0.039132286,0.04100636,0.04723043,0.70176166,0.7649056,0.047902618,0.055487603,0.30474278,0.10572568,0.029852916,0.03734323,0.028199006
67,0.015291117,0.04339667,0.03175125,0.17575943,0.3218408,0.04448845,0.037787046,0.08721339,0.22388959,0.07247377,0.16079322,0.030604849,0.019104498
68,0.015370435,0.034384273,0.024090094,0.09092842,0.30331358,0.5254005,0.03450987,0.062675565,0.2555805,0.057517752,0.05760848,0.023753405,0.021338997
69,0.03198373,0.18902773,0.049629964,0.07146417,0.04062397,0.13673036,0.11051122,0.24475284,0.026102163,0.30270627,0.55428904,0.041019507,0.039763197
70,0.020155877,0.050573014,0.020638185,0.10246394,0.06339108,0.9002592,0.06367291,0.16639097,0.05084408,0.24709673,0.16300943,0.028195288,0.023449186
71,0.01844314,0.041094646,0.017763443,0.07903581,0.095956676,0.9337757,0.052774735,0.09656562,0.05587237,0.15716347,0.07121993,0.025608499,0.01958456
72,0.02462598,0.04419322,0.03039065,0.08960198,0.5294526,0.8825874,0.06519547,0.10121897,0.2625545,0.0568693,0.039809924,0.038171694,0.039729036
73,0.035867255,0.0853833,0.05308736,0.19773403,0.21308124,0.0562794,0.44625914,0.2009644,0.09512987,0.21735506,0.16638745,0.06636864,0.027256256
74,0.015269148,0.03314983,0.021037154,0.03432738,0.76428384,0.42286456,0.031002633,0.03984505,0.1768409,0.047667034,0.027075965,0.024173133,0.018253732
75,0.035867255,0.0853833,0.05308736,0.19773403,0.21308124,0.0562794,0.44625914,0.2009644,0.09512987,0.21735506,0.16638745,0.06636864,0.027256256
76,0.018634612,0.063738264,0.032244943,0.048152223,0.8353805,0.027392136,0.04186284,0.0825039,0.13762063,0.09285025,0.21569012,0.038188398,0.030308615
77,0.022869559,0.05743819,0.0404217,0.20517597,0.7273765,0.1317956,0.070723854,0.06800044,0.38768777,0.02811295,0.07957891,0.036675632,0.023946399
78,0.03198373,0.18902773,0.049629964,0.07146417,0.04062397,0.13673036,0.11051122,0.24475284,0.026102163,0.30270627,0.55428904,0.041019507,0.039763197
79,0.015800659,0.040869538,0.029971529,0.058025718,0.49832964,0.8102078,0.046937726,0.072623946,0.34269407,0.069509044,0.036132567,0.026633624,0.028304415
80,0.019420488,0.046363097,0.020744504,0.047840655,0.38647136,0.92726964,0.053121526,0.06399679,0.11885244,0.18030359,0.038042698,0.02917224,0.026340507
81,0.0143469535,0.032174323,0.018541826,0.14808662,0.08227087,0.51731116,0.041302036,0.08378643,0.095821604,0.08532098,0.09495012,0.020423258,0.015302782
82,0.011534596,0.026123416,0.01664838,0.043353427,0.32491168,0.5275593,0.023511697,0.05026366,0.1568988,0.058707055,0.035712287,0.020070357,0.015176038
83,0.021823365,0.051087797,0.039507374,0.115803815,0.8165543,0.05885886,0.06477112,0.060558844,0.30566105,0.057569705,0.09282538,0.035156023,0.025363823
84,0.017240709,0.04057439,0.033431582,0.03873672,0.88663816,0.102254815,0.039897166,0.04677986,0.29794058,0.048402563,0.04944717,0.03724726,0.02786454
85,0.029887335,0.07229068,0.039293963,0.11691694,0.877848,0.0582879,0.05212203,0.05466766,0.29486397,0.037745807,0.13346785,0.04300298,0.03346495
86,0.01629277,0.04740684,0.02317375,0.07123632,0.19696939,0.7649374,0.05074372,0.12910035,0.18102907,0.09938815,0.08506341,0.025387127,0.024474928
87,0.0982277,0.28485852,0.12475304,0.38188094,0.43750006,0.8945764,0.5348973,0.41898558,0.18901168,0.66099644,0.19412206,0.12557979,0.08562516
88,0.019764135,0.06800304,0.036255985,0.066155404,0.85586846,0.04840746,0.06617502,0.078194655,0.3084354,0.1274262,0.112240344,0.046404522,0.03793559
89,0.066898905,0.26840922,0.08780083,0.21013793,0.6065753,0.9465113,0.18724996,0.24896462,0.27525195,0.34534132,0.21110341,0.09045453,0.102437146
90,0.01393921,0.029933473,0.015729718,0.03425301,0.49427682,0.75816196,0.028256979,0.045034897,0.12645693,0.05563219,0.029186323,0.020221276,0.017914442
91,0.07566077,0.704132,0.07227148,0.082541615,0.35556498,0.15944757,0.1643624,0.13236706,0.075464346,0.07488172,0.17268497,0.07717556,0.067752905
92,0.019764135,0.06800304,0.036255985,0.066155404,0.85586846,0.04840746,0.06617502,0.078194655,0.3084354,0.1274262,0.112240344,0.046404522,0.03793559
93,0.08122655,0.3999344,0.09289965,0.21291305,0.25498736,0.1300479,0.69693863,0.36755595,0.09307542,0.18860123,0.27407372,0.11288749,0.06623892
94,0.03357082,0.16890767,0.034884114,0.16215327,0.25609526,0.84052235,0.12214987,0.18227872,0.17102475,0.06593448,0.06006099,0.03558531,0.03792327
95,0.015962109,0.04510225,0.023145,0.056682494,0.056636408,0.12884976,0.05307226,0.1541981,0.030596169,0.56533897,0.26498058,0.03538997,0.014646096
96,0.0669855,0.6189015,0.064166054,0.10104327,0.35062325,0.111732356,0.1524907,0.117701344,0.086995326,0.04886866,0.16360636,0.062961325,0.056353584
97,0.0114724785,0.028831562,0.0142546045,0.05255329,0.15726478,0.69607955,0.031168047,0.052793987,0.04962964,0.09397873,0.058786526,0.019925147,0.01253738
98,0.03357082,0.16890767,0.034884114,0.16215327,0.25609526,0.84052235,0.12214987,0.18227872,0.17102475,0.06593448,0.06006099,0.03558531,0.03792327
99,0.013991799,0.058297966,0.022267543,0.048870802,0.14171962,0.2702224,0.05457827,0.14099671,0.046104133,0.5481314,0.12605427,0.037382185,0.017624028
100,0.014952977,0.046366137,0.026838534,0.09761193,0.37087652,0.0575003,0.04130094,0.1115839,0.17794645,0.1456163,0.17669728,0.038274888,0.021187656
101,0.021075092,0.048190303,0.0315044,0.093788415,0.18759714,0.9344052,0.07388917,0.13329631,0.19941068,0.15969533,0.0705206,0.035766855,0.035653148
102,0.015901973,0.039396107,0.018123576,0.1615256,0.12920508,0.7034076,0.04626142,0.08455892,0.10713747,0.037459493,0.067474164,0.020223886,0.018062802
103,0.014499408,0.032165594,0.018167365,0.055863675,0.14320602,0.7677868,0.045633376,0.09184804,0.10309409,0.07001221,0.046249814,0.024194717,0.023168525
104,0.01629277,0.04740684,0.02317375,0.07123632,0.19696939,0.7649374,0.05074372,0.12910035,0.18102907,0.09938815,0.08506341,0.025387127,0.024474928
105,0.02462598,0.04419322,0.03039065,0.08960198,0.5294526,0.8825874,0.06519547,0.10121897,0.2625545,0.0568693,0.039809924,0.038171694,0.039729036
106,0.021075092,0.048190303,0.0315044,0.093788415,0.18759714,0.9344052,0.07388917,0.13329631,0.19941068,0.15969533,0.0705206,0.035766855,0.035653148
107,0.014673291,0.03873487,0.016206216,0.053591434,0.11141199,0.88846326,0.03518644,0.07732215,0.0641403,0.29990175,0.06995577,0.028049845,0.016726287
108,0.066898905,0.26840922,0.08780083,0.21013793,0.6065753,0.9465113,0.18724996,0.24896462,0.27525195,0.34534132,0.21110341,0.09045453,0.102437146
109,0.05235853,0.3688236,0.04137619,0.09056147,0.41706356,0.9335111,0.28201887,0.10791872,0.0960229,0.17985527,0.05997945,0.04660845,0.04993272
110,0.0166149,0.0382942,0.016225066,0.06226509,0.1249327,0.89647174,0.03627471,0.07633794,0.074482016,0.07951656,0.0625703,0.023742165,0.018695077
111,0.016163455,0.03712861,0.015279463,0.052433074,0.16281071,0.90518135,0.0370203,0.06717666,0.07247973,0.08175289,0.04886139,0.022443376,0.018235492
112,0.015291117,0.04339667,0.03175125,0.17575943,0.3218408,0.04448845,0.037787046,0.08721339,0.22388959,0.07247377,0.16079322,0.030604849,0.019104498
113,0.017814782,0.039132286,0.04100636,0.04723043,0.70176166,0.7649056,0.047902618,0.055487603,0.30474278,0.10572568,0.029852916,0.03734323,0.028199006
114,0.039165378,0.11901752,0.043745764,0.09045695,0.059658818,0.062826835,0.06614329,0.16157985,0.027565496,0.2789769,0.7882933,0.044907074,0.037740104
115,0.02462598,0.04419322,0.03039065,0.08960198,0.5294526,0.8825874,0.06519547,0.10121897,0.2625545,0.0568693,0.039809924,0.038171694,0.039729036
116,0.015800659,0.040869538,0.029971529,0.058025718,0.49832964,0.8102078,0.046937726,0.072623946,0.34269407,0.069509044,0.036132567,0.026633624,0.028304415
117,0.014816287,0.06246644,0.024304373,0.22555616,0.047197193,0.083387166,0.06986008,0.15740405,0.0429079,0.10102707,0.5361755,0.029778184,0.015815593
118,0.0138177,0.052996706,0.02464056,0.04914516,0.16559209,0.13629605,0.100749806,0.1632417,0.04477505,0.2043844,0.10067325,0.03694361,0.017369714
119,0.0153142465,0.04309676,0.023185095,0.061040163,0.073620856,0.0843774,0.089061975,0.16481854,0.03401844,0.41172367,0.17678522,0.038709253,0.014492345
120,0.035867255,0.0853833,0.05308736,0.19773403,0.21308124,0.0562794,0.44625914,0.2009644,0.09512987,0.21735506,0.16638745,0.06636864,0.027256256
121,0.05235853,0.3688236,0.04137619,0.09056147,0.41706356,0.9335111,0.28201887,0.10791872,0.0960229,0.17985527,0.05997945,0.04660845,0.04993272
122,0.008893033,0.049343295,0.017677769,0.042849313,0.30182,0.10331926,0.030991996,0.09542807,0.06489725,0.26313528,0.06657772,0.028081229,0.014005621
123,0.014518458,0.034697168,0.015909348,0.031033447,0.43685615,0.8242109,0.03297664,0.0497586,0.111444175,0.13143739,0.033760156,0.022202762,0.01642891
124,0.022869559,0.05743819,0.0404217,0.20517597,0.7273765,0.1317956,0.070723854,0.06800044,0.38768777,0.02811295,0.07957891,0.036675632,0.023946399
125,0.0154770985,0.039679993,0.020463593,0.10283821,0.058875423,0.15350208,0.10091511,0.13845722,0.027386973,0.24960259,0.18016195,0.029588405,0.011840957
126,0.015423017,0.059039753,0.028605977,0.07773472,0.15051442,0.045734875,0.049730618,0.21030755,0.065427385,0.47737905,0.4176188,0.04707073,0.026136901
127,0.01336852,0.03986756,0.019080002,0.031675156,0.79801595,0.093235046,0.027183793,0.044668376,0.09012683,0.062432867,0.0494962,0.026739215,0.016924242
128,0.051138528,0.1280524,0.05164396,0.15283006,0.28441775,0.9734267,0.1381764,0.24562012,0.18709216,0.17844996,0.12788746,0.06647944,0.07311939
129,0.018323453,0.043857094,0.017892217,0.06267233,0.2310081,0.9318954,0.040091228,0.063086346,0.09400669,0.09257283,0.04856406,0.025271552,0.023743233
130,0.011460858,0.029096307,0.014625878,0.059235558,0.070562534,0.5610979,0.032702364,0.075505204,0.046132933,0.1815372,0.10766963,0.022233734,0.012008889
131,0.021075092,0.048190303,0.0315044,0.093788415,0.18759714,0.9344052,0.07388917,0.13329631,0.19941068,0.15969533,0.0705206,0.035766855,0.035653148
132,0.019764135,0.06800304,0.036255985,0.066155404,0.85586846,0.04840746,0.06617502,0.078194655,0.3084354,0.1274262,0.112240344,0.046404522,0.03793559
133,0.050390072,0.12322005,0.051785372,0.7934171,0.14837132,0.08656131,0.11041131,0.13362598,0.17712878,0.040433105,0.32006636,0.08320197,0.035521135
134,0.013859489,0.036247615,0.016850261,0.058550715,0.18868417,0.8663044,0.03589937,0.08548548,0.13490379,0.15073521,0.046603005,0.021917634,0.019375287
135,0.017372131,0.040298656,0.014207138,0.062971205,0.12925646,0.8631928,0.04282767,0.056982283,0.04884671,0.05425263,0.057728812,0.022150347,0.016725691
136,0.011986066,0.03447282,0.028456734,0.031751536,0.7673881,0.2282204,0.033005588,0.052074026,0.25412074,0.08853036,0.040101454,0.023415282,0.018407688
137,0.012790575,0.029214358,0.017222678,0.06986127,0.21534032,0.71811825,0.036007952,0.06421668,0.15405178,0.052994836,0.048131682,0.02087481,0.0166604
138,0.021075092,0.048190303,0.0315044,0.093788415,0.18759714,0.9344052,0.07388917,0.13329631,0.19941068,0.15969533,0.0705206,0.035766855,0.035653148
139,0.010351026,0.024549376,0.0139751,0.034088477,0.287004,0.5374016,0.026812062,0.062373284,0.1033383,0.10186794,0.03760905,0.019143963,0.013846552
140,0.013991799,0.058297966,0.022267543,0.048870802,0.14171962,0.2702224,0.05457827,0.14099671,0.046104133,0.5481314,0.12605427,0.037382185,0.017624028
141,0.11207038,0.3409831,0.15271212,0.26608267,0.62726146,0.804095,0.6606222,0.28388068,0.20415844,0.6503678,0.2248068,0.12006504,0.088356465
142,0.019420488,0.046363097,0.020744504,0.047840655,0.38647136,0.92726964,0.053121526,0.06399679,0.11885244,0.18030359,0.038042698,0.02917224,0.026340507
143,0.02462598,0.04419322,0.03039065,0.08960198,0.5294526,0.8825874,0.06519547,0.10121897,0.2625545,0.0568693,0.039809924,0.038171694,0.039729036
144,0.011534596,0.026123416,0.01664838,0.043353427,0.32491168,0.5275593,0.023511697,0.05026366,0.1568988,0.058707055,0.035712287,0.020070357,0.015176038
145,0.014426426,0.031601924,0.01463265,0.055549506,0.114726804,0.8222365,0.0298561,0.06803086,0.058255587,0.07165409,0.062396854,0.021511806,0.015824296
146,0.02462598,0.04419322,0.03039065,0.08960198,0.5294526,0.8825874,0.06519547,0.10121897,0.2625545,0.0568693,0.039809924,0.038171694,0.039729036
147,0.009726905,0.026224567,0.0139844855,0.039101325,0.17412058,0.3376613,0.022808423,0.0710607,0.075700596,0.1830172,0.05713557,0.02189606,0.012050849
148,0.055691455,0.09287548,0.053893458,0.20542836,0.16620672,0.35209846,0.5063289,0.3854689,0.07280277,0.5680314,0.20013218,0.11068144,0.0445425
149,0.014816287,0.06246644,0.024304373,0.22555616,0.047197193,0.083387166,0.06986008,0.15740405,0.0429079,0.10102707,0.5361755,0.029778184,0.015815593
150,0.013859489,0.036247615,0.016850261,0.058550715,0.18868417,0.8663044,0.03589937,0.08548548,0.13490379,0.15073521,0.046603005,0.021917634,0.019375287
151,0.016725881,0.03851195,0.016448168,0.072424866,0.11775907,0.9186187,0.042503946,0.08407387,0.07107659,0.111899875,0.06372575,0.022861127,0.01806191
152,0.011806304,0.03151798,0.014369552,0.056788173,0.15951276,0.6709733,0.023025306,0.069176674,0.09125353,0.08451065,0.053649332,0.019754212,0.014288448
153,0.019297574,0.045764796,0.015578858,0.03678028,0.38368368,0.9038232,0.034270093,0.046524394,0.07894643,0.070933826,0.038096003,0.024726719,0.02053548
154,0.014092854,0.0351758,0.015514584,0.04356509,0.20094234,0.8202875,0.029009895,0.068475485,0.086377025,0.07346818,0.041900363,0.021223243,0.017220877
155,0.012919099,0.0318119,0.025536299,0.05830829,0.60737264,0.07085705,0.028572908,0.057549454,0.22185652,0.07591758,0.10009415,0.02507259,0.018928682
156,0.055691455,0.09287548,0.053893458,0.20542836,0.16620672,0.35209846,0.5063289,0.3854689,0.07280277,0.5680314,0.20013218,0.11068144,0.0445425
157,0.015423017,0.059039753,0.028605977,0.07773472,0.15051442,0.045734875,0.049730618,0.21030755,0.065427385,0.47737905,0.4176188,0.04707073,0.026136901
158,0.03198373,0.18902773,0.049629964,0.07146417,0.04062397,0.13673036,0.11051122,0.24475284,0.026102163,0.30270627,0.55428904,0.041019507,0.039763197
159,0.03357082,0.16890767,0.034884114,0.16215327,0.25609526,0.84052235,0.12214987,0.18227872,0.17102475,0.06593448,0.06006099,0.03558531,0.03792327
160,0.015370435,0.034384273,0.024090094,0.09092842,0.30331358,0.5254005,0.03450987,0.062675565,0.2555805,0.057517752,0.05760848,0.023753405,0.021338997
161,0.014092854,0.0351758,0.015514584,0.04356509,0.20094234,0.8202875,0.029009895,0.068475485,0.086377025,0.07346818,0.041900363,0.021223243,0.017220877
162,0.014426426,0.031601924,0.01463265,0.055549506,0.114726804,0.8222365,0.0298561,0.06803086,0.058255587,0.07165409,0.062396854,0.021511806,0.015824296
163,0.0114724785,0.028831562,0.0142546045,0.05255329,0.15726478,0.69607955,0.031168047,0.052793987,0.04962964,0.09397873,0.058786526,0.019925147,0.01253738
164,0.011874083,0.02995513,0.017000517,0.04087563,0.41632408,0.4627404,0.025259297,0.052931383,0.16441648,0.06233364,0.03370125,0.020847615,0.017733485
165,0.015582384,0.03694155,0.029589262,0.04969192,0.6920523,0.39369997,0.03666027,0.047165625,0.37584594,0.046551123,0.038116653,0.027649527,0.022661302
166,0.066898905,0.26840922,0.08780083,0.21013793,0.6065753,0.9465113,0.18724996,0.24896462,0.27525195,0.34534132,0.21110341,0.09045453,0.102437146
167,0.011986066,0.03447282,0.028456734,0.031751536,0.7673881,0.2282204,0.033005588,0.052074026,0.25412074,0.08853036,0.040101454,0.023415282,0.018407688
168,0.019297574,0.045764796,0.015578858,0.03678028,0.38368368,0.9038232,0.034270093,0.046524394,0.07894643,0.070933826,0.038096003,0.024726719,0.02053548
169,0.03198373,0.18902773,0.049629964,0.07146417,0.04062397,0.13673036,0.11051122,0.24475284,0.026102163,0.30270627,0.55428904,0.041019507,0.039763197
170,0.017452564,0.0409437,0.015342244,0.075455025,0.088051364,0.91811055,0.051552918,0.08745229,0.052431565,0.10042911,0.08525678,0.023148548,0.017716821
171,0.051138528,0.1280524,0.05164396,0.15283006,0.28441775,0.9734267,0.1381764,0.24562012,0.18709216,0.17844996,0.12788746,0.06647944,0.07311939
172,0.01662954,0.037827197,0.014501848,0.07427841,0.08785068,0.8623439,0.047655206,0.08513293,0.05263392,0.09040873,0.06385341,0.025060633,0.018877555
173,0.014915553,0.036341455,0.017106913,0.04689722,0.28716996,0.84092003,0.035998445,0.06328008,0.12541655,0.059735164,0.035005733,0.02079956,0.020634267
174,0.013473027,0.039017227,0.018576108,0.16882174,0.07043202,0.2676057,0.04024636,0.12364309,0.06707131,0.19364679,0.17616357,0.031111533,0.015939087
175,0.009726905,0.026224567,0.0139844855,0.039101325,0.17412058,0.3376613,0.022808423,0.0710607,0.075700596,0.1830172,0.05713557,0.02189606,0.012050849
176,0.008893033,0.049343295,0.017677769,0.042849313,0.30182,0.10331926,0.030991996,0.09542807,0.06489725,0.26313528,0.06657772,0.028081229,0.014005621
177,0.0669855,0.6189015,0.064166054,0.10104327,0.35062325,0.111732356,0.1524907,0.117701344,0.086995326,0.04886866,0.16360636,0.062961325,0.056353584
178,0.023242548,0.10546373,0.028190527,0.07809632,0.14065716,0.8072557,0.13512644,0.17618646,0.067476496,0.31074515,0.05230921,0.04851306,0.021073418
179,0.015564631,0.037200086,0.031523287,0.041288868,0.851447,0.07027295,0.032964326,0.047358986,0.22463563,0.052816547,0.061776005,0.030016819,0.020671993
180,0.015137125,0.03705376,0.025167033,0.06309096,0.06142387,0.16154909,0.058784373,0.14623885,0.040560015,0.57369334,0.23127599,0.03429214,0.014868099
181,0.0143469535,0.032174323,0.018541826,0.14808662,0.08227087,0.51731116,0.041302036,0.08378643,0.095821604,0.08532098,0.09495012,0.020423258,0.015302782
182,0.018634118,0.038840793,0.017992014,0.11161003,0.10982325,0.7912967,0.038390253,0.06572137,0.08379362,0.049391855,0.059725452,0.024846673,0.020441124
183,0.020155877,0.050573014,0.020638185,0.10246394,0.06339108,0.9002592,0.06367291,0.16639097,0.05084408,0.24709673,0.16300943,0.028195288,0.023449186
184,0.010351026,0.024549376,0.0139751,0.034088477,0.287004,0.5374016,0.026812062,0.062373284,0.1033383,0.10186794,0.03760905,0.019143963,0.013846552
185,0.041221198,0.1489161,0.04052432,0.14959817,0.08787016,0.051134814,0.054311525,0.13524804,0.03597167,0.10347657,0.85397756,0.04507461,0.041110057
186,0.025705377,0.064726904,0.021413418,0.07138768,0.23441787,0.9622136,0.06423793,0.09103565,0.08693327,0.09113132,0.06898414,0.03166822,0.031211406
187,0.014499408,0.032165594,0.018167365,0.055863675,0.14320602,0.7677868,0.045633376,0.09184804,0.10309409,0.07001221,0.046249814,0.024194717,0.023168525
188,0.11207038,0.3409831,0.15271212,0.26608267,0.62726146,0.804095,0.6606222,0.28388068,0.20415844,0.6503678,0.2248068,0.12006504,0.088356465
189,0.013964025,0.031024339,0.016161507,0.050121635,0.18018079,0.81492436,0.029455736,0.064587414,0.108707,0.06408404,0.042669516,0.021976532,0.01759842
190,0.011806304,0.03151798,0.014369552,0.056788173,0.15951276,0.6709733,0.023025306,0.069176674,0.09125353,0.08451065,0.053649332,0.019754212,0.014288448
191,0.0982277,0.28485852,0.12475304,0.38188094,0.43750006,0.8945764,0.5348973,0.41898558,0.18901168,0.66099644,0.19412206,0.12557979,0.08562516
192,0.03198373,0.18902773,0.049629964,0.07146417,0.04062397,0.13673036,0.11051122,0.24475284,0.026102163,0.30270627,0.55428904,0.041019507,0.039763197
193,0.012305375,0.033634573,0.03019566,0.081166625,0.47378233,0.03517304,0.045453146,0.0842159,0.18980539,0.19275399,0.08764468,0.031284254,0.018744944
194,0.028546344,0.12962852,0.030149823,0.07669602,0.054633167,0.42758828,0.07987724,0.17475356,0.029577957,0.14078617,0.49092776,0.029893685,0.025177138
195,0.02649114,0.06205993,0.030801661,0.08730288,0.04619554,0.15773053,0.18049276,0.28455988,0.027997093,0.36861396,0.33172435,0.04708454,0.022443801
196,0.02197141,0.048386667,0.035594027,0.042533047,0.9058868,0.06355829,0.044792235,0.050206278,0.2397844,0.041073505,0.05767816,0.03504888,0.02547743
197,0.021823365,0.051087797,0.039507374,0.115803815,0.8165543,0.05885886,0.06477112,0.060558844,0.30566105,0.057569705,0.09282538,0.035156023,0.025363823
198,0.014518458,0.034697168,0.015909348,0.031033447,0.43685615,0.8242109,0.03297664,0.0497586,0.111444175,0.13143739,0.033760156,0.022202762,0.01642891
199,0.009643284,0.030631356,0.023033926,0.043126166,0.53643686,0.11274038,0.029975343,0.049913783,0.24521933,0.07754235,0.05118247,0.023889296,0.01466681
200,0.012947697,0.035041638,0.013254735,0.051089883,0.108741395,0.8542369,0.036776226,0.08176548,0.059157826,0.09425095,0.0668827,0.019628882,0.01565965
201,0.01562991,0.03449657,0.016313562,0.064199775,0.20971557,0.81682533,0.032497767,0.05913811,0.09265901,0.05098778,0.0440457,0.023243938,0.018344361
202,0.07566077,0.704132,0.07227148,0.082541615,0.35556498,0.15944757,0.1643624,0.13236706,0.075464346,0.07488172,0.17268497,0.07717556,0.067752905
203,0.01562991,0.03449657,0.016313562,0.064199775,0.20971557,0.81682533,0.032497767,0.05913811,0.09265901,0.05098778,0.0440457,0.023243938,0.018344361
204,0.01662954,0.037827197,0.014501848,0.07427841,0.08785068,0.8623439,0.047655206,0.08513293,0.05263392,0.09040873,0.06385341,0.025060633,0.018877555
205,0.022326209,0.18715797,0.032790482,0.065059386,0.12193863,0.07514576,0.1282822,0.16719705,0.034414444,0.090647995,0.13382463,0.03756522,0.018982267
206,0.015499965,0.03656006,0.03658359,0.03896939,0.7966785,0.26771975,0.042201597,0.05050117,0.32021672,0.060683995,0.0397964,0.032346856,0.02169074
207,0.014816287,0.06246644,0.024304373,0.22555616,0.047197193,0.083387166,0.06986008,0.15740405,0.0429079,0.10102707,0.5361755,0.029778184,0.015815593
208,0.014164068,0.030331241,0.01382522,0.038160052,0.21036582,0.8011626,0.025199438,0.04804632,0.07278845,0.06924737,0.041180275,0.020459881,0.014725515
209,0.012919099,0.0318119,0.025536299,0.05830829,0.60737264,0.07085705,0.028572908,0.057549454,0.22185652,0.07591758,0.10009415,0.02507259,0.018928682
210,0.039165378,0.11901752,0.043745764,0.09045695,0.059658818,0.062826835,0.06614329,0.16157985,0.027565496,0.2789769,0.7882933,0.044907074,0.037740104
211,0.02649114,0.06205993,0.030801661,0.08730288,0.04619554,0.15773053,0.18049276,0.28455988,0.027997093,0.36861396,0.33172435,0.04708454,0.022443801
212,0.11207038,0.3409831,0.15271212,0.26608267,0.62726146,0.804095,0.6606222,0.28388068,0.20415844,0.6503678,0.2248068,0.12006504,0.088356465
213,0.012320157,0.030249175,0.019289758,0.04595513,0.50696313,0.24630754,0.022344433,0.051371202,0.165532,0.062254436,0.05277999,0.025652459,0.017565614
214,0.021075092,0.048190303,0.0315044,0.093788415,0.18759714,0.9344052,0.07388917,0.13329631,0.19941068,0.15969533,0.0705206,0.035766855,0.035653148
215,0.023242548,0.10546373,0.028190527,0.07809632,0.14065716,0.8072557,0.13512644,0.17618646,0.067476496,0.31074515,0.05230921,0.04851306,0.021073418
216,0.015962109,0.04510225,0.023145,0.056682494,0.056636408,0.12884976,0.05307226,0.1541981,0.030596169,0.56533897,0.26498058,0.03538997,0.014646096
217,0.020155877,0.050573014,0.020638185,0.10246394,0.06339108,0.9002592,0.06367291,0.16639097,0.05084408,0.24709673,0.16300943,0.028195288,0.023449186
218,0.013859489,0.036247615,0.016850261,0.058550715,0.18868417,0.8663044,0.03589937,0.08548548,0.13490379,0.15073521,0.046603005,0.021917634,0.019375287
219,0.016872086,0.037026275,0.014572764,0.037504394,0.32029468,0.86644244,0.03450174,0.04969251,0.07975709,0.056542464,0.03405047,0.021672897,0.018054798
220,0.02197141,0.048386667,0.035594027,0.042533047,0.9058868,0.06355829,0.044792235,0.050206278,0.2397844,0.041073505,0.05767816,0.03504888,0.02547743
221,0.017452564,0.0409437,0.015342244,0.075455025,0.088051364,0.91811055,0.051552918,0.08745229,0.052431565,0.10042911,0.08525678,0.023148548,0.017716821
222,0.02197141,0.048386667,0.035594027,0.042533047,0.9058868,0.06355829,0.044792235,0.050206278,0.2397844,0.041073505,0.05767816,0.03504888,0.02547743
223,0.020059394,0.05048404,0.019185834,0.04060341,0.12063788,0.92044944,0.06986229,0.10615316,0.044275347,0.20287652,0.06718617,0.029647188,0.02155408
224,0.014751327,0.050122112,0.036286145,0.056968946,0.65681803,0.070920244,0.03520491,0.067259066,0.3100029,0.09950059,0.100165896,0.027463071,0.022369483
225,0.017240709,0.04057439,0.033431582,0.03873672,0.88663816,0.102254815,0.039897166,0.04677986,0.29794058,0.048402563,0.04944717,0.03724726,0.02786454
226,0.014952977,0.046366137,0.026838534,0.09761193,0.37087652,0.0575003,0.04130094,0.1115839,0.17794645,0.1456163,0.17669728,0.038274888,0.021187656
227,0.012305375,0.033634573,0.03019566,0.081166625,0.47378233,0.03517304,0.045453146,0.0842159,0.18980539,0.19275399,0.08764468,0.031284254,0.018744944
228,0.01336852,0.03986756,0.019080002,0.031675156,0.79801595,0.093235046,0.027183793,0.044668376,0.09012683,0.062432867,0.0494962,0.026739215,0.016924242
229,0.011460858,0.029096307,0.014625878,0.059235558,0.070562534,0.5610979,0.032702364,0.075505204,0.046132933,0.1815372,0.10766963,0.022233734,0.012008889
230,0.018244045,0.04113309,0.014308682,0.056309137,0.12146829,0.8721434,0.044185355,0.05331343,0.047943864,0.060165204,0.05569428,0.022984743,0.017233351
231,0.027813002,0.06801327,0.029432023,0.51719433,0.12208206,0.051892646,0.061737876,0.06971038,0.08322606,0.038954705,0.23453546,0.035156507,0.015165984
232,0.014707386,0.050089907,0.020332862,0.055284336,0.7552979,0.052434705,0.034236766,0.050576497,0.114517145,0.04443942,0.05575865,0.025300704,0.01546669
233,0.015742503,0.05698305,0.019518478,0.048009768,0.7675763,0.05197807,0.03620228,0.045873143,0.088868156,0.050379727,0.05408129,0.025658228,0.014070982
234,0.015480288,0.03777281,0.01330696,0.052509077,0.13356243,0.841861,0.031148259,0.051138785,0.04960778,0.061872456,0.05210966,0.021499697,0.015684903
235,0.026722053,0.09814677,0.026826924,0.1676862,0.096780546,0.038392797,0.03485191,0.07069961,0.032307804,0.049286354,0.74496675,0.028391678,0.018674329
236,0.024250053,0.06443084,0.040080808,0.066155866,0.8135606,0.054356273,0.0631273,0.07061229,0.32784218,0.049340542,0.1477968,0.041121658,0.033726815
237,0.027835028,0.063657984,0.028796583,0.5196162,0.10266533,0.05259676,0.07264745,0.08924061,0.07220155,0.051351346,0.26684517,0.038393438,0.015152729
238,0.046784632,0.5160426,0.04873039,0.06849711,0.23439147,0.12631892,0.12084359,0.0950831,0.054959722,0.06720815,0.1162381,0.048473455,0.03932409
239,0.02294186,0.059751473,0.04223446,0.06028343,0.8877657,0.07368187,0.056831945,0.05176357,0.36248985,0.045518957,0.056949656,0.037404858,0.02879778
240,0.024922917,0.06989451,0.030060597,0.49254358,0.1943438,0.06606961,0.053456943,0.07340201,0.114367396,0.03284053,0.16299178,0.030998036,0.014440739
241,0.021159124,0.054055147,0.04798431,0.15279567,0.4484345,0.1100701,0.059790514,0.06758966,0.48908466,0.040930014,0.08665731,0.036759056,0.0261943
242,0.01170248,0.034554236,0.0119299805,0.042389467,0.19578381,0.68561745,0.030651735,0.051415954,0.054655977,0.06935002,0.039300364,0.019841945,0.012476185
243,0.01431769,0.049198274,0.019243833,0.04762759,0.7522929,0.05331206,0.03403465,0.051564973,0.09917,0.047856957,0.050189443,0.025609957,0.015091455
244,0.01695273,0.058285315,0.02123726,0.056216862,0.780223,0.04730691,0.03492509,0.048657157,0.10028334,0.04239711,0.058415025,0.02592739,0.015867207
245,0.01987934,0.0434051,0.017639779,0.061874215,0.14434159,0.9045248,0.04412662,0.059908126,0.06220438,0.058530167,0.04577516,0.025854336,0.021946233
246,0.019691618,0.047130696,0.020478908,0.08125539,0.09621917,0.81792474,0.0615885,0.097654104,0.060906716,0.13245173,0.10252359,0.025820378,0.022169592
247,0.02235613,0.05080205,0.024794253,0.43966427,0.11045212,0.34817666,0.07365165,0.06709935,0.11866273,0.0539796,0.08886461,0.037423044,0.01907828
248,0.0150475465,0.04056534,0.012719421,0.06044276,0.13618904,0.8484922,0.031030968,0.05155118,0.049328353,0.06636332,0.05897618,0.02103282,0.014018593
249,0.021748628,0.047804944,0.035188597,0.0956979,0.42478034,0.5547841,0.055806957,0.054319315,0.43538454,0.031051176,0.041012425,0.034130376,0.029463274
250,0.03188442,0.06996472,0.036294036,0.64602953,0.12445261,0.07793738,0.06565553,0.09388921,0.13360411,0.04169344,0.2282482,0.052397776,0.020891028
251,0.01816449,0.036923334,0.017943164,0.118291974,0.15127517,0.8175194,0.045478683,0.060363594,0.075958304,0.044344813,0.05579575,0.024653943,0.019824065
252,0.013363016,0.03637721,0.012583077,0.047215275,0.2208885,0.68545604,0.02746832,0.044152495,0.06876916,0.04555216,0.03812087,0.01981413,0.014193847
253,0.016643394,0.042626493,0.035695296,0.054536495,0.6332285,0.35967192,0.059370525,0.061690398,0.40944877,0.048359435,0.039979845,0.04083769,0.028281229
254,0.016416987,0.05467125,0.020434404,0.24993281,0.1540734,0.07975837,0.07757728,0.064193144,0.075346366,0.07773777,0.09339974,0.034525163,0.013488621
255,0.027922276,0.079481445,0.030210562,0.55584055,0.12921567,0.08607582,0.095659256,0.085852295,0.10143088,0.040664222,0.13515143,0.038864907,0.018167127
256,0.014100462,0.04005216,0.012669087,0.050272502,0.12466686,0.8197716,0.032325905,0.049268585,0.04655048,0.07417772,0.053892177,0.019631185,0.014215662
257,0.019294705,0.046318214,0.03950191,0.16867931,0.3275876,0.17065184,0.056453854,0.06527605,0.42398998,0.03877883,0.072825514,0.034264594,0.022295196
258,0.061628435,0.6360968,0.062507994,0.078202106,0.2568223,0.12500563,0.14022712,0.110153295,0.05995045,0.06950425,0.16306153,0.0575666,0.050866343
259,0.057995435,0.6196779,0.05849224,0.07648055,0.20146455,0.12269158,0.13709764,0.116341814,0.04885674,0.07293222,0.20188186,0.050982703,0.04696414
260,0.009795178,0.026298532,0.014268043,0.030813094,0.16819829,0.5290753,0.029725175,0.05309626,0.05315221,0.23798944,0.046133272,0.021328205,0.010332667
261,0.028079998,0.07626689,0.027425554,0.55079126,0.12860855,0.07101114,0.077835366,0.07002544,0.096195415,0.03694977,0.17043431,0.036664482,0.016559597
262,0.016475962,0.03887776,0.013595675,0.053393144,0.1280208,0.84576595,0.03993291,0.047960922,0.049166664,0.059850775,0.0499752,0.021963328,0.015312638
263,0.044471554,0.08796647,0.0385006,0.23209973,0.16309063,0.12932669,0.39373088,0.13066863,0.07422287,0.064002104,0.09893115,0.06030329,0.03329706
264,0.015499013,0.04198708,0.013098821,0.049819373,0.18464644,0.82134193,0.028526599,0.048559822,0.058147278,0.05624234,0.046172075,0.021331565,0.014995635
265,0.014201703,0.041083336,0.013348369,0.061420575,0.1199112,0.8218104,0.031369664,0.05148485,0.04728047,0.070894495,0.059886817,0.019931978,0.013736407
266,0.030685691,0.35366702,0.033548605,0.06666997,0.29666632,0.08464419,0.09444044,0.0966663,0.048231453,0.041771263,0.101198085,0.043093026,0.026814058
267,0.015612062,0.037565745,0.012778916,0.041473806,0.14696793,0.83228713,0.03994377,0.04421568,0.047805034,0.07604364,0.045581143,0.021787217,0.014000387
268,0.015910445,0.062184576,0.020448383,0.05726784,0.7381227,0.04529286,0.03654059,0.054190528,0.10470826,0.047886517,0.062902726,0.026562069,0.015108391
269,0.016900353,0.060503,0.02238353,0.05984544,0.7513995,0.055265315,0.043193858,0.054240897,0.11709412,0.036822602,0.054489013,0.025919998,0.017613346
270,0.01372802,0.042364027,0.026450414,0.037272062,0.15523575,0.16656205,0.050151836,0.097235374,0.04650261,0.71225035,0.0844215,0.037721742,0.016666839
271,0.01324413,0.04190422,0.028620409,0.04371923,0.13128823,0.16385128,0.04617113,0.091682516,0.049037214,0.74569476,0.096563146,0.03451912,0.01499443
272,0.016332343,0.03780473,0.014049266,0.051097117,0.11343167,0.8773108,0.040374424,0.05688906,0.045971304,0.08116954,0.055305842,0.02272034,0.01566621
273,0.016615035,0.059573848,0.020679988,0.052690785,0.7729131,0.055463754,0.039533548,0.04742024,0.09999611,0.04399265,0.051497333,0.024258005,0.014333399
274,0.016821848,0.05592593,0.020120805,0.04836795,0.7780378,0.053973254,0.04075434,0.051333036,0.08631069,0.053637147,0.052645784,0.026931467,0.014232129
275,0.015944632,0.040395584,0.012559513,0.041703895,0.1581122,0.85342926,0.039764844,0.043655306,0.04696754,0.07743836,0.04490601,0.02203505,0.01410802
276,0.016137332,0.04017238,0.023118235,0.13452777,0.28780597,0.03981466,0.04053419,0.07198577,0.12608261,0.046967916,0.1268033,0.02393909,0.0126007255
277,0.013832184,0.049799897,0.019246055,0.044928435,0.7777805,0.05646358,0.030916182,0.046099164,0.088293836,0.050709758,0.05256402,0.024717236,0.01485115
278,0.03688437,0.45137274,0.04131193,0.060026843,0.2139603,0.083583534,0.090693876,0.10449724,0.03885602,0.08009302,0.17873381,0.043280542,0.029052135
279,0.01682545,0.05787105,0.03323854,0.050298106,0.14468932,0.11907569,0.08271528,0.12391968,0.048612226,0.8041999,0.11136002,0.04264278,0.019901523
280,0.015270108,0.042124864,0.014564925,0.05775224,0.15034188,0.85116214,0.033440687,0.06764977,0.059689503,0.10782801,0.061914723,0.021388566,0.017028052
281,0.016752917,0.04218509,0.012911919,0.04642242,0.15978383,0.8693093,0.039448574,0.04857596,0.048837975,0.066849045,0.046916526,0.021949612,0.015407355
282,0.030505754,0.07161904,0.0300234,0.5667111,0.1300168,0.05832265,0.06799482,0.0831135,0.0938435,0.04349012,0.23249589,0.04014913,0.016991314
283,0.0370121,0.36638606,0.048046183,0.07892297,0.081507795,0.064029425,0.09234509,0.110272706,0.029992893,0.087898456,0.38647458,0.035613272,0.024951886
284,0.012308691,0.03288796,0.011519215,0.045950934,0.141616,0.78869504,0.029643722,0.051249173,0.04933165,0.09643672,0.048981544,0.019604892,0.011175027
285,0.013223369,0.06655328,0.018835964,0.057504296,0.0714477,0.10390613,0.058400657,0.12011335,0.028760135,0.23861039,0.12652929,0.029323895,0.009933431
286,0.01659836,0.041478697,0.013326565,0.044205043,0.16652416,0.87144905,0.0418237,0.049969025,0.052221328,0.068603106,0.043538537,0.022440152,0.015371489
287,0.014624544,0.059761908,0.018289909,0.043890808,0.69751126,0.07096579,0.042545766,0.053530987,0.07635447,0.057457246,0.046648998,0.026140569,0.014543444
288,0.012239027,0.04789617,0.017783897,0.15284367,0.30057427,0.054595493,0.053776577,0.07943659,0.07818242,0.109542884,0.081701554,0.035102572,0.013189477
289,0.03659997,0.08149132,0.033023566,0.33133388,0.13860273,0.121574424,0.31098244,0.12378912,0.077648744,0.059931,0.10990333,0.0553148,0.028106429
290,0.02196153,0.0708008,0.023363886,0.43920618,0.15090919,0.083827764,0.07887647,0.062531956,0.08217819,0.042787828,0.1153435,0.031746875,0.013815763
291,0.017112091,0.042351495,0.013331725,0.049485087,0.13343261,0.8656873,0.040881358,0.05091217,0.04826918,0.06588903,0.048725944,0.022438876,0.016525045
292,0.016599054,0.038721494,0.013586796,0.051787768,0.13778126,0.84028953,0.03291651,0.049457498,0.05120445,0.055944607,0.05240466,0.022355676,0.016558247
293,0.016903302,0.0380416,0.013999236,0.0446919,0.1202261,0.8754153,0.041562155,0.05541401,0.04986005,0.088056244,0.050441764,0.023428224,0.015859257
294,0.009789342,0.030446384,0.010995708,0.05244001,0.14592114,0.49721402,0.027059922,0.047001492,0.04672483,0.09063373,0.058537696,0.021168567,0.009219348
295,0.01628904,0.0741815,0.018644001,0.08044097,0.57848656,0.02676401,0.02996727,0.05233771,0.06781698,0.041747108,0.15499963,0.022989793,0.013741661
296,0.016034639,0.038525708,0.013084196,0.045973927,0.15968257,0.85011274,0.03818753,0.04673392,0.051750746,0.063030794,0.04533349,0.021446532,0.014258417
297,0.03238493,0.07204713,0.034104165,0.58639735,0.12962572,0.062221922,0.081773564,0.08202168,0.101519294,0.035888534,0.20229252,0.041396383,0.018387794
298,0.015427906,0.037537757,0.0131104635,0.05960251,0.10408199,0.8456795,0.03370533,0.05767786,0.0455249,0.06735821,0.062200677,0.020632977,0.015180236
299,0.021236332,0.0645752,0.035633445,0.042615887,0.10034548,0.61935276,0.1494258,0.12464233,0.037148654,0.73965937,0.09029428,0.03791245,0.022537896
300,0.015385265,0.036685217,0.01273139,0.04756465,0.12873918,0.83835536,0.038265917,0.04742666,0.04645591,0.072804585,0.049115755,0.021091467,0.013691075
301,0.017075775,0.04356034,0.013738398,0.044420175,0.15028562,0.87592155,0.04454024,0.06003467,0.0505269,0.06924886,0.04644065,0.022919625,0.018086499
302,0.015805257,0.03617985,0.013388811,0.0478933,0.20318645,0.86793333,0.035942405,0.04613418,0.059482146,0.061746027,0.04689053,0.02243982,0.015171798
303,0.015463017,0.05519077,0.028358977,0.052198764,0.15246205,0.03272652,0.037994757,0.0764695,0.034746576,0.3193601,0.34181818,0.03432935,0.014726918
304,0.017220782,0.040947698,0.013592555,0.04870046,0.13482884,0.8508209,0.042218763,0.048451982,0.04842258,0.06172672,0.048627358,0.02245724,0.016075995
305,0.017646158,0.043884028,0.026980655,0.036707193,0.8835254,0.14414977,0.037947673,0.04123185,0.17639504,0.05001948,0.048605077,0.036499858,0.024668964
306,0.014726746,0.04536054,0.025178818,0.08153209,0.11380995,0.024046378,0.033639397,0.089339994,0.044670798,0.13267544,0.49438348,0.029778695,0.014717243
307,0.022700746,0.068033464,0.023739029,0.45897666,0.13255376,0.099138424,0.08301447,0.06886127,0.09202487,0.04376531,0.1182471,0.031188453,0.01451206
308,0.029476749,0.11707647,0.030793846,0.14701426,0.098062664,0.03669828,0.03610327,0.08096525,0.03155967,0.06921783,0.7962309,0.032312457,0.021572003
309,0.016185567,0.038637888,0.01321437,0.04712707,0.13975112,0.8629003,0.040532075,0.051820993,0.050912943,0.066703856,0.048431203,0.02161627,0.014913382
310,0.012450644,0.04223284,0.024908556,0.036320664,0.15560041,0.17545731,0.05186266,0.092976905,0.04587597,0.71437615,0.07628329,0.036571596,0.015408614
311,0.016380476,0.03826393,0.013860056,0.05356171,0.114196576,0.8674923,0.039988637,0.05238004,0.04682298,0.07206956,0.054797586,0.022293366,0.014886708
312,0.016988065,0.041193128,0.013877378,0.051739454,0.13328865,0.87427485,0.04223076,0.05165636,0.048396762,0.06718659,0.051345624,0.022369474,0.015822409
313,0.016085349,0.058381792,0.019787079,0.05696959,0.7465713,0.051148213,0.034855295,0.051384855,0.097326286,0.04964923,0.058084138,0.0256805,0.013772839
314,0.052831423,0.5873552,0.052837238,0.073418714,0.23431689,0.13224132,0.13518041,0.10152888,0.055052,0.06845328,0.13607226,0.05165525,0.045254197
315,0.015757835,0.03872366,0.012533656,0.04494203,0.14349005,0.8474266,0.03808901,0.04662431,0.04938367,0.07083709,0.046811074,0.0214173,0.014134151
316,0.025174705,0.07237381,0.027019478,0.52844673,0.10697086,0.06497861,0.081852704,0.08049109,0.07370965,0.04461249,0.18999347,0.037538204,0.015777644
317,0.01803623,0.039679803,0.016796606,0.058015835,0.21147172,0.89446974,0.03406346,0.05630232,0.08323246,0.06617933,0.03909792,0.02484933,0.019410856
318,0.05935615,0.635086,0.06090722,0.09096713,0.2171477,0.13253494,0.1361395,0.10603442,0.056760225,0.06103011,0.1912461,0.05522891,0.05035613
319,0.014814408,0.041779596,0.013367885,0.054580647,0.12373746,0.8097322,0.032941684,0.05262953,0.048445016,0.06397313,0.059323564,0.019043865,0.014675042
320,0.037405536,0.08437423,0.033635378,0.30780485,0.17505509,0.10219423,0.32703918,0.119020656,0.09091825,0.057103008,0.10698276,0.0537566,0.030124582
321,0.022116821,0.10455959,0.024809845,0.1482863,0.097563736,0.03981499,0.0341459,0.077187754,0.029141886,0.04277057,0.6308752,0.024820922,0.016003987
322,0.026368747,0.06340113,0.027382087,0.51012474,0.10900728,0.055551663,0.056481414,0.06802921,0.07326258,0.040687107,0.27289602,0.033361357,0.014458137
323,0.02312599,0.09554858,0.025648987,0.13748828,0.10493048,0.032485273,0.035047248,0.07627376,0.029738644,0.059273623,0.6874974,0.027676284,0.017474705
324,0.016901193,0.043089934,0.01329771,0.04171587,0.18111347,0.8678275,0.039153047,0.047322266,0.050697744,0.07019873,0.043267,0.022470476,0.016146872
325,0.047748283,0.49169904,0.046921942,0.06730296,0.17495784,0.13569848,0.14349304,0.096225135,0.049503416,0.059768666,0.13595866,0.045095593,0.035814684
326,0.0523336,0.59532803,0.0550491,0.07867618,0.22146042,0.1350534,0.14704707,0.099531054,0.05570136,0.06988877,0.14642337,0.05386471,0.045235883
327,0.017090756,0.04456566,0.014612489,0.046382464,0.19968201,0.848947,0.03823354,0.04367872,0.052637413,0.06332344,0.04517855,0.026338926,0.017277896
328,0.014840053,0.05249437,0.031481504,0.04234829,0.130385,0.17926441,0.07045615,0.11265491,0.046152156,0.81159776,0.09392285,0.04277255,0.018333718
329,0.026288278,0.07965029,0.025635408,0.5323756,0.14001948,0.08042057,0.08601907,0.069209285,0.09380626,0.041354205,0.14288715,0.036455825,0.01604754
330,0.054793198,0.59557843,0.054144464,0.07314456,0.20837153,0.13779195,0.14298704,0.10642974,0.05161462,0.07035083,0.1452761,0.052262317,0.043321557
331,0.016299756,0.038067844,0.0135564795,0.051726453,0.12133252,0.86500937,0.040581148,0.052573867,0.04855863,0.07030454,0.050165836,0.021758618,0.015821964
332,0.017094225,0.039267153,0.013550715,0.04880569,0.13278449,0.8616913,0.040637925,0.051798407,0.048331983,0.06583578,0.04868156,0.022243284,0.015737621
333,0.016353983,0.03722457,0.013464684,0.051828314,0.12053365,0.86234254,0.040724963,0.05321581,0.04738075,0.07007714,0.052091856,0.021493744,0.015149913
334,0.017633615,0.038512293,0.014988009,0.05636529,0.09301409,0.8913263,0.04652201,0.062283855,0.04562111,0.08706726,0.06013015,0.023157187,0.016474841
335,0.017163062,0.04063188,0.013696361,0.04619604,0.14987195,0.8811545,0.041823294,0.048600458,0.04629607,0.07923693,0.0489937,0.022865312,0.01571786
336,0.02651101,0.07428165,0.027681606,0.54832655,0.1354261,0.06757986,0.08506552,0.08003361,0.09546163,0.040410973,0.14887467,0.03691305,0.016709436
337,0.01661448,0.037682198,0.014028998,0.053947907,0.11623846,0.87794405,0.041355815,0.055030107,0.047761198,0.0740988,0.053736422,0.022722978,0.015236896
338,0.021084713,0.0722663,0.03182074,0.0814932,0.06615823,0.049242157,0.08527421,0.2675046,0.036203578,0.24631135,0.3359,0.037344,0.020623395
339,0.016302325,0.03958231,0.013156023,0.050008517,0.13401502,0.8511223,0.039272692,0.047685772,0.04766787,0.06360386,0.049465925,0.021774784,0.015151946
340,0.051225442,0.56803244,0.049625147,0.08109365,0.1895612,0.11503965,0.11657922,0.09036613,0.04669808,0.063149735,0.18461864,0.046912797,0.036641557
341,0.018630365,0.04179025,0.015499036,0.08559766,0.08390167,0.8512591,0.0434929,0.0635993,0.046264533,0.058000624,0.067014374,0.024836399,0.019256368
342,0.014493871,0.04251798,0.014644597,0.05720035,0.12731375,0.77143806,0.03024636,0.06500623,0.041816972,0.07239087,0.08353957,0.021174373,0.015048169
343,0.023769932,0.07057433,0.02664658,0.50778353,0.12990427,0.08812331,0.08690514,0.07375682,0.09379645,0.046519168,0.12825207,0.035226904,0.01516328
344,0.017696882,0.06927903,0.020713326,0.16288269,0.12506627,0.032050747,0.03044522,0.06474195,0.034748577,0.046591558,0.55971855,0.024165357,0.01269873
345,0.01210786,0.050914556,0.01927683,0.045012794,0.70109516,0.08351587,0.03603062,0.06979013,0.09687006,0.088378474,0.03797709,0.033481795,0.019489046
346,0.04446357,0.13612169,0.048622735,0.11969732,0.15719084,0.15307543,0.58746445,0.20464411,0.07784798,0.10805998,0.09268159,0.06843473,0.034164846
347,0.020950356,0.076456,0.023163881,0.1564045,0.09181965,0.038150523,0.031533122,0.06759625,0.031609368,0.049947977,0.65591,0.024434647,0.01441637
348,0.015443422,0.050548613,0.019478152,0.05809177,0.6649475,0.052001152,0.042700965,0.05800595,0.09384708,0.050288018,0.05198253,0.023719624,0.013513816
349,0.03871304,0.12641792,0.043513373,0.1286615,0.124809735,0.15700877,0.53671753,0.17979325,0.05903583,0.11116241,0.09340618,0.05769168,0.028663693
350,0.04271095,0.114294685,0.047554623,0.0926761,0.17187092,0.12812062,0.47961044,0.16735029,0.06704273,0.09458754,0.10420158,0.06252708,0.03397995
351,0.030605936,0.06622672,0.033594918,0.5943265,0.1416914,0.09219554,0.07517022,0.091264464,0.12647012,0.040506262,0.13917741,0.04491172,0.018706754
352,0.014290636,0.050193388,0.02583952,0.039390363,0.16048451,0.16345558,0.054654747,0.10698109,0.04575187,0.7217238,0.08046896,0.040113624,0.016893836
353,0.011392268,0.03991144,0.01960244,0.061766658,0.4557827,0.038774572,0.048742063,0.08333928,0.09122092,0.08739723,0.06095106,0.027698977,0.013199044
354,0.018879432,0.069492504,0.028840428,0.064324416,0.12092006,0.042240076,0.031915955,0.07339396,0.027685976,0.10376863,0.6041483,0.024213536,0.016538404
355,0.016450398,0.06004825,0.02686083,0.062433396,0.13302317,0.040069584,0.032307163,0.06641935,0.027429147,0.09197956,0.53676975,0.022990312,0.013800751
356,0.02729719,0.071915604,0.027509816,0.5519938,0.11707527,0.09128126,0.09109862,0.07572663,0.09181104,0.04208891,0.14720498,0.037986726,0.017047156
357,0.01503152,0.054349337,0.019311532,0.050542254,0.7315041,0.047333326,0.03459593,0.049933374,0.0892873,0.056387052,0.05785856,0.026728068,0.014496118
358,0.008612163,0.039505772,0.013941932,0.049198464,0.36265603,0.08130301,0.024996022,0.06550202,0.05047325,0.14617464,0.07766017,0.025356531,0.011267529
359,0.016559102,0.041431025,0.0133495955,0.04846767,0.1478145,0.86927444,0.039731327,0.050244562,0.04953096,0.06487342,0.047816083,0.021710722,0.015112201
360,0.014668168,0.035803683,0.022774242,0.20508756,0.17326365,0.07807531,0.047865335,0.090067625,0.114600174,0.06183116,0.084635794,0.027333835,0.013506991
361,0.015067547,0.047877323,0.031226035,0.043613765,0.11494852,0.16128309,0.06600858,0.10013309,0.041865394,0.7888051,0.10813866,0.040015128,0.016596524
362,0.028730122,0.3548889,0.033865917,0.060924992,0.23838007,0.12017058,0.08653004,0.08520995,0.045766745,0.045042187,0.10961255,0.037975244,0.025893668
363,0.031733576,0.074532844,0.036746666,0.610091,0.15290497,0.0560617,0.059731808,0.08372795,0.13434857,0.03417364,0.21795852,0.045506936,0.019654805
364,0.0135684665,0.03987478,0.0142644225,0.053124644,0.20030381,0.6164741,0.044611357,0.061806343,0.04550697,0.15620452,0.050812364,0.024885464,0.012350296
365,0.029970884,0.33233377,0.035715237,0.05378745,0.22514188,0.09997626,0.1010495,0.11336968,0.040931005,0.07093218,0.09887474,0.040930275,0.025026457
366,0.011203817,0.03914353,0.016190669,0.11871957,0.23629414,0.24085088,0.042509675,0.07155826,0.08623775,0.12723969,0.058385767,0.02187157,0.010629103
367,0.017124511,0.038559694,0.01391529,0.053482596,0.119405225,0.8600607,0.04201063,0.05206348,0.046673108,0.06730212,0.050339155,0.022633482,0.015973333
368,0.01866762,0.059954055,0.024363661,0.38982403,0.14220686,0.13476363,0.08598829,0.06641411,0.09630237,0.050277393,0.08770586,0.030147677,0.013576784
369,0.017131913,0.040251527,0.013668191,0.051917996,0.11847179,0.8638266,0.04369609,0.052225698,0.045703147,0.06875226,0.05171914,0.022669764,0.016243031
370,0.014656353,0.049157105,0.032213777,0.047625747,0.114136115,0.11867906,0.06706447,0.09563985,0.043016236,0.7782811,0.11769968,0.038239624,0.015542422
371,0.04132585,0.11591678,0.042879235,0.13297963,0.13739754,0.14933108,0.5350504,0.17131141,0.07030366,0.09439513,0.09341821,0.057898603,0.030550258
372,0.016124798,0.03918918,0.013534752,0.047364105,0.15647355,0.8390894,0.032505922,0.047548197,0.0530782,0.05621782,0.04769089,0.021729335,0.01613472
373,0.015175945,0.03398739,0.014485502,0.07123036,0.12851791,0.85929424,0.038739312,0.056179747,0.056761015,0.059511017,0.05398525,0.022296827,0.015950609
374,0.014114614,0.0518257,0.018922541,0.051081628,0.7422161,0.04820063,0.033480607,0.05146117,0.099419616,0.047305793,0.055816427,0.025746347,0.015503859
375,0.017708482,0.040073644,0.015112513,0.055604175,0.12885691,0.8635383,0.039625518,0.0506099,0.05087084,0.063712694,0.047449768,0.024829319,0.018272506
376,0.019292444,0.043850075,0.024521377,0.055157002,0.08857192,0.6463572,0.15700059,0.13384627,0.03844027,0.42556906,0.07318238,0.037118092,0.018697193
377,0.012989349,0.045300364,0.026094927,0.038440384,0.17173202,0.11075761,0.04471581,0.09685938,0.045412272,0.679679,0.09644226,0.041005272,0.016781548
378,0.042427275,0.13082272,0.042529125,0.13244958,0.13384522,0.15576988,0.51364726,0.15590845,0.06555421,0.084769614,0.09369897,0.058866255,0.030982794
379,0.010456744,0.0402317,0.02081854,0.06044825,0.15981783,0.046682563,0.027280577,0.07205081,0.03874361,0.095743425,0.2963585,0.020149192,0.0102293985
380,0.01674826,0.03956726,0.013819311,0.05040932,0.13519657,0.8736257,0.041250914,0.050267547,0.04775481,0.07216848,0.049203616,0.022019172,0.014934061
381,0.016256416,0.03752211,0.013569405,0.048808027,0.13352531,0.8466213,0.037223704,0.04842664,0.048366405,0.06329934,0.051090803,0.021915335,0.014894913
382,0.038908105,0.11801084,0.042926844,0.12288892,0.12966734,0.15375772,0.5322093,0.18004301,0.06376502,0.105949774,0.09253351,0.058561683,0.02935479
383,0.017900487,0.06320473,0.021755274,0.054399736,0.7887718,0.043444764,0.035723343,0.04769697,0.09681704,0.046101816,0.062501326,0.027056528,0.0149020795
384,0.014519304,0.03168945,0.016897034,0.07795588,0.089564815,0.69767064,0.042154245,0.09339431,0.07092654,0.08825586,0.07268452,0.022854054,0.017765423
385,0.0155388275,0.050459586,0.031265117,0.042738877,0.11725552,0.12389345,0.061619483,0.10964744,0.04305217,0.7906599,0.118404254,0.041638445,0.018218612
386,0.014644018,0.05819624,0.017626116,0.053176094,0.5972937,0.06393265,0.037980016,0.058084022,0.07411886,0.04507448,0.056264985,0.021826057,0.01232689
387,0.016939273,0.0400879,0.013700304,0.05223917,0.13772961,0.84700704,0.03588473,0.051269367,0.04995041,0.055324733,0.05241475,0.022481058,0.017439144
388,0.018366195,0.039553456,0.019746901,0.05870923,0.084066525,0.9036894,0.052540887,0.09015724,0.051458772,0.24782234,0.060549606,0.025335891,0.016971335
389,0.058765884,0.63471377,0.061262324,0.074305,0.22012557,0.12887847,0.14468257,0.104842946,0.054083657,0.07694309,0.187488,0.05502561,0.049263474
390,0.034286804,0.12963012,0.03787368,0.14274943,0.09352024,0.042685114,0.04005531,0.09338002,0.03251218,0.060934268,0.8150382,0.037674237,0.029744761
391,0.016877228,0.03897633,0.013583753,0.057857238,0.12981404,0.8726104,0.03695162,0.05198172,0.046782967,0.06557795,0.05616062,0.022538805,0.015723873
392,0.026620185,0.29804924,0.030967489,0.059902847,0.2567959,0.09586466,0.07738323,0.086481474,0.04087563,0.0654943,0.09905479,0.033532616,0.02044838
393,0.017731473,0.044744898,0.013787907,0.042336863,0.21273665,0.88303185,0.038187902,0.04275783,0.058303736,0.06833494,0.046055097,0.02386316,0.017068557
394,0.016540444,0.04057181,0.013028649,0.044848002,0.1557207,0.842656,0.03879268,0.045364182,0.05197831,0.062334448,0.045313083,0.022174038,0.015481952
395,0.014640125,0.034043938,0.013082435,0.04526078,0.216082,0.80880994,0.028869651,0.038388025,0.05809219,0.057825223,0.04425918,0.022035882,0.013684264
396,0.009041932,0.03428281,0.017940678,0.06280779,0.11062485,0.07024075,0.029951872,0.09396736,0.05605384,0.2542362,0.15346074,0.024706088,0.010106083
397,0.014527439,0.061001465,0.018997444,0.047069777,0.7418466,0.057710387,0.035212908,0.04842269,0.08330962,0.05498804,0.055546973,0.025081689,0.014034763
398,0.016281616,0.039180096,0.013122772,0.050481055,0.13495724,0.84541523,0.037257947,0.04835135,0.04882042,0.061998777,0.050208244,0.022134881,0.015296842
399,0.048900064,0.57415783,0.05121869,0.07920608,0.2165678,0.100339346,0.10524254,0.096481614,0.04623441,0.06997516,0.21322241,0.046597306,0.036514595
400,0.015158837,0.037326723,0.012644562,0.046765793,0.13816145,0.8417913,0.0380145,0.047375973,0.048766423,0.069638595,0.04735176,0.021035638,0.013984322
401,0.01087296,0.04693059,0.021652969,0.056323174,0.16508742,0.069235355,0.03080599,0.10288877,0.06745375,0.45526385,0.14641517,0.036210384,0.01519089
402,0.014525951,0.032238845,0.013989274,0.03661115,0.13355982,0.83944404,0.042731706,0.05336915,0.05399593,0.13443862,0.046861995,0.022345413,0.012881514
403,0.014954093,0.053447254,0.019538462,0.059338253,0.6873998,0.040754154,0.043684926,0.05841677,0.088984974,0.053532496,0.052625183,0.027384037,0.014341539
404,0.011861815,0.031753622,0.011785165,0.044993293,0.12038908,0.7080888,0.037845,0.056482054,0.04695743,0.1850751,0.046724636,0.022750873,0.011295804
405,0.045977294,0.14064479,0.046612497,0.14051521,0.15708941,0.1473565,0.574784,0.17609623,0.075397804,0.08534817,0.10077755,0.06463416,0.03575897
406,0.04655741,0.52198434,0.047120024,0.069632724,0.19263175,0.16191445,0.18020572,0.1009586,0.052880235,0.060869727,0.13498408,0.044385497,0.036940563
407,0.018519461,0.049696557,0.022845602,0.03834643,0.88778627,0.06650491,0.034730166,0.045907076,0.10228334,0.043929655,0.052171852,0.028722305,0.018704299
408,0.057971355,0.6166325,0.063114524,0.07627554,0.26204553,0.10505121,0.12855813,0.1128414,0.059889264,0.06291065,0.17101195,0.05865742,0.04792078
409,0.017952183,0.06251443,0.02239953,0.053738423,0.79929364,0.04661756,0.036407135,0.0496855,0.1014962,0.042156238,0.0596679,0.027358688,0.01690025
410,0.014652945,0.036352932,0.012481585,0.05690783,0.11098308,0.8118969,0.030515157,0.052275717,0.04555726,0.061213087,0.06035591,0.02026693,0.013855736
411,0.020775639,0.049991336,0.04521811,0.1675046,0.37462682,0.122897446,0.060254373,0.06797887,0.47017702,0.042485148,0.08660249,0.036475655,0.024761908
412,0.012466684,0.044010594,0.016396511,0.043622438,0.13732873,0.51499355,0.044283066,0.08633257,0.043419667,0.28713965,0.052829746,0.024287678,0.011974946
413,0.031400785,0.06445031,0.02862476,0.5743803,0.11334119,0.09533171,0.10459043,0.09176649,0.10105875,0.047682293,0.14410721,0.043929443,0.019832388
414,0.018736089,0.046583954,0.03795088,0.17041785,0.29944214,0.16894636,0.057386205,0.06683403,0.42213506,0.039858874,0.07329922,0.03408073,0.022056123
415,0.025653634,0.066660754,0.0274011,0.43775892,0.14472659,0.04275941,0.060786013,0.067326054,0.0776678,0.034703463,0.23804696,0.030097602,0.013972401
416,0.016013391,0.0410824,0.013313548,0.047998484,0.16052777,0.8530766,0.03395737,0.048567995,0.05279772,0.057650343,0.04801941,0.021996241,0.01667063
417,0.01690334,0.053577323,0.01454209,0.052853696,0.10158135,0.8352689,0.05149373,0.069860406,0.044031024,0.07075203,0.05566594,0.022742158,0.018174034
418,0.017958935,0.06979637,0.019893583,0.13086984,0.15930566,0.031100824,0.028817752,0.05699821,0.037886925,0.043761615,0.4996162,0.022608569,0.012665981
419,0.016602347,0.039094184,0.0134903155,0.049447633,0.1375962,0.8527037,0.039565425,0.047565635,0.048146054,0.06359786,0.048446376,0.022231158,0.015181069
420,0.013230988,0.03357444,0.011834297,0.0490083,0.12897399,0.7925087,0.034800537,0.048481975,0.047628842,0.089899175,0.046376172,0.019481527,0.0118631385
421,0.015091655,0.04773155,0.03504812,0.052662924,0.124731876,0.0937071,0.06706265,0.09860598,0.05041876,0.7990237,0.121368766,0.037594207,0.01772742
422,0.01280675,0.029728448,0.012625317,0.059331942,0.1150506,0.8149945,0.03614894,0.05313235,0.054423027,0.08655256,0.06058123,0.019211572,0.011455608
423,0.04529688,0.11665983,0.04447622,0.14595152,0.10599541,0.15842421,0.53842926,0.17528476,0.06504226,0.09018573,0.11618738,0.06352743,0.033917487
424,0.056582883,0.6344122,0.061107736,0.08472985,0.21538636,0.12617296,0.1354406,0.10492892,0.05340836,0.072274715,0.19347297,0.053627294,0.04719081
425,0.03935556,0.11362411,0.044178672,0.13975814,0.13847582,0.12394688,0.5226823,0.17197216,0.07059502,0.09914117,0.09095763,0.06005015,0.027630808
426,0.01566684,0.042140156,0.025290826,0.03684084,0.85865283,0.12563302,0.03592593,0.04256849,0.17479484,0.057344347,0.05319886,0.035132024,0.02436182
427,0.01583193,0.056396447,0.019904787,0.053230807,0.73279345,0.04987525,0.038135663,0.049592394,0.09413644,0.048080936,0.058247842,0.024950415,0.013591211
428,0.01464534,0.03631301,0.012674482,0.058126707,0.15012206,0.84113836,0.029973805,0.054713126,0.054787025,0.06202933,0.048764616,0.02073846,0.015458333
429,0.04472635,0.5268111,0.04438934,0.06984947,0.21988082,0.10718449,0.11744506,0.09323627,0.044647716,0.06483024,0.14696687,0.042743098,0.032857157
430,0.013796286,0.043179516,0.022047395,0.046522878,0.080598265,0.47086188,0.059133433,0.10904799,0.03599645,0.62529147,0.08428282,0.034089457,0.0132155875
431,0.016587554,0.03910165,0.013290604,0.049903836,0.12963709,0.85327744,0.0395781,0.048850123,0.04769775,0.0649706,0.04994316,0.02235234,0.01542532
432,0.030172678,0.07368554,0.030147009,0.23647927,0.15530209,0.12534149,0.31513214,0.11809879,0.07021253,0.068166405,0.0885989,0.047700033,0.023972781
433,0.011492857,0.035570554,0.013662059,0.038790796,0.090132795,0.61602336,0.040207956,0.077932715,0.03357509,0.2656793,0.06315401,0.02109342,0.01052047
434,0.013335508,0.03943068,0.026422555,0.047044333,0.09683838,0.23617257,0.044544596,0.090604074,0.046693195,0.6615883,0.12566729,0.030552266,0.0136196045
435,0.057219703,0.6158291,0.05674444,0.07194965,0.20517914,0.13948211,0.14249729,0.11177728,0.051809512,0.0823173,0.15949203,0.05677976,0.0477684
436,0.016241454,0.0418357,0.03897091,0.04924908,0.6755526,0.31498912,0.058192562,0.05516872,0.41993213,0.0542472,0.040281884,0.039703604,0.02615639
437,0.0269178,0.0591576,0.027894238,0.5367011,0.097215235,0.06306926,0.062330306,0.07215641,0.079346314,0.045882348,0.26878735,0.03702239,0.0148421945
438,0.014389015,0.039618343,0.014217146,0.0740091,0.08648652,0.7607278,0.033099085,0.060585443,0.043415353,0.06435734,0.07049752,0.02040902,0.014261716
439,0.016886963,0.03982158,0.013622482,0.052132823,0.12618724,0.86359674,0.041609246,0.05037944,0.048279,0.06512606,0.050313443,0.02248236,0.015957236
440,0.0143647855,0.039093442,0.013721706,0.06657667,0.10373849,0.827708,0.035456493,0.061328635,0.044664092,0.06451158,0.069455124,0.019918943,0.014562953
441,0.014020873,0.051432688,0.02408287,0.048543815,0.08296018,0.26517755,0.06732062,0.1291452,0.037059255,0.6609749,0.09687465,0.03621726,0.014090603
442,0.016114552,0.038207255,0.013086006,0.04785533,0.1361944,0.83768296,0.03699216,0.047117285,0.049367175,0.063534856,0.049422823,0.021900186,0.014884443
443,0.014919112,0.036543556,0.012229634,0.043525577,0.16630447,0.8574922,0.03282842,0.04521873,0.04560004,0.08416046,0.05044069,0.020939479,0.014087012
444,0.020472746,0.053172275,0.048791002,0.14992139,0.43598765,0.12555173,0.06423745,0.07110533,0.5097047,0.044201087,0.07925915,0.036687065,0.026995746
445,0.016180502,0.04045592,0.012732937,0.042320237,0.16514374,0.85371673,0.040203195,0.044457484,0.04728982,0.07422393,0.043907918,0.021940192,0.014351586
446,0.014340414,0.046227347,0.027235901,0.038579457,0.14472148,0.15388212,0.049936518,0.10325279,0.044788774,0.72296184,0.09407555,0.0399987,0.016925795
447,0.024299776,0.070611805,0.025233734,0.4805465,0.1540197,0.07409074,0.07851971,0.06769962,0.09892183,0.04037787,0.12783343,0.033833526,0.015623938
448,0.013450451,0.048333403,0.027524991,0.057216343,0.10415267,0.062176082,0.0378353,0.09556734,0.04240107,0.43738395,0.21692343,0.034506403,0.014097427
449,0.017828554,0.042554833,0.014606602,0.055627503,0.15670782,0.85406774,0.033308532,0.051970147,0.05893198,0.049072158,0.051453497,0.023776138,0.019047577
450,0.024677591,0.07103223,0.026252434,0.51153725,0.13594878,0.07681692,0.08098269,0.07282018,0.099085905,0.039650787,0.13355567,0.034035165,0.016035015
451,0.03012495,0.3115207,0.030982,0.06894549,0.18998766,0.08502999,0.0983977,0.08665579,0.04284211,0.049337257,0.1086401,0.03657038,0.022790708
452,0.018042658,0.06412509,0.022156596,0.054024372,0.7962334,0.053437628,0.03946724,0.0488016,0.10811138,0.04157014,0.053078324,0.026496155,0.015060924
453,0.0168056,0.040425707,0.013317771,0.049091887,0.13869493,0.8495411,0.03881597,0.048247386,0.048687935,0.06184424,0.04868632,0.022349466,0.015988031
454,0.017377408,0.03823167,0.015087763,0.05552186,0.11349068,0.8828261,0.043087218,0.05476409,0.0509981,0.07901863,0.051300563,0.025243962,0.01776256
455,0.016710822,0.038618177,0.013780238,0.054373913,0.12202521,0.8536037,0.041674376,0.05069248,0.047961142,0.06442135,0.049184445,0.022701861,0.015889047
456,0.036990467,0.070101544,0.03351289,0.28301585,0.11629593,0.11593449,0.30879104,0.13531211,0.061569653,0.06737944,0.12647557,0.053026017,0.027341126
457,0.011857378,0.050949026,0.017791068,0.06760988,0.4290849,0.038163796,0.031182459,0.048280563,0.08015012,0.05930903,0.0917659,0.021625279,0.010883448
458,0.012014825,0.03780694,0.016209463,0.06356941,0.27049673,0.059542064,0.04345867,0.07572947,0.07596589,0.06309768,0.06545051,0.02307826,0.011005104
459,0.015896535,0.03711102,0.013742831,0.056410726,0.15164717,0.85657275,0.030595176,0.054038726,0.057221264,0.061924443,0.04664425,0.022752628,0.016246255
